Cities,Cloudiness,Country,Date,Humidity,Latitude,Longitude,Max Temperature,Wind Speed
Hambantota,97,LK,1610148898,85,6.1241,81.1185,76.77,5.03
Vaini,40,TO,1610148899,79,-21.2,-175.2,84.2,10.36
Te Anau,11,NZ,1610148900,48,-45.4167,167.7167,64.99,4.41
Ranong,20,TH,1610148902,88,9.9658,98.6348,75.2,4.52
Balkanabat,0,TM,1610148789,62,39.5108,54.3671,38.37,5.46
Muros,6,ES,1610148905,84,42.7762,-9.0603,39.99,13.42
Hithadhoo,90,MV,1610148906,80,-0.6,73.0833,81.72,13.85
Hashimoto,20,JP,1610148907,59,34.3167,135.6167,35.6,12.66
Rikitea,47,PF,1610148908,74,-23.1203,-134.9692,78.78,13.27
Gopālpur,65,IN,1610148909,63,19.2667,84.9167,68.25,6.06
Alakurtti,88,RU,1610148910,90,66.9672,30.3491,10.99,1.25
Tonj,1,SS,1610148912,26,7.2737,28.6822,74.84,6.42
Bredasdorp,0,ZA,1610148913,94,-34.5322,20.0403,62.6,1.14
Kavaratti,27,IN,1610148914,75,10.5669,72.642,81.75,7.02
Kulhudhuffushi,100,MV,1610148915,76,6.6221,73.07,82.18,8.77
Hermanus,0,ZA,1610148916,85,-34.4187,19.2345,66.0,7.05
Atuona,60,PF,1610148917,74,-9.8,-139.0333,77.65,18.1
Kapaa,1,US,1610148919,57,22.0752,-159.319,80.6,13.8
Saint-Joseph,0,RE,1610148920,68,-21.3667,55.6167,73.4,6.91
Nuquí,96,CO,1610148921,83,5.7125,-77.2708,77.47,3.02
Cape Town,0,ZA,1610148922,77,-33.9258,18.4232,66.99,13.8
Hobart,40,AU,1610148923,56,-42.8794,147.3294,73.99,4.61
Muravlenko,92,RU,1610148924,91,63.7898,74.523,-11.09,1.88
Kruisfontein,70,ZA,1610148925,92,-34.0033,24.7314,69.01,4.59
Chokurdakh,97,RU,1610148927,89,70.6333,147.9167,-17.45,3.15
Labuhan,100,ID,1610148928,81,-6.8844,112.2051,80.35,7.27
Lavrentiya,0,RU,1610148929,82,65.5833,-171.0,-12.44,3.4
Carnarvon,56,AU,1610148930,74,-24.8667,113.6333,84.2,10.36
Port Alfred,37,ZA,1610148931,93,-33.5906,26.891,71.01,1.01
Mar del Plata,0,AR,1610148856,59,-38.0023,-57.5575,62.6,8.05
Vuktyl,0,RU,1610148933,89,63.8567,57.3094,-8.05,2.89
Arraial do Cabo,75,BR,1610148934,86,-22.9661,-42.0278,80.6,2.3
Ushuaia,75,AR,1610148809,38,-54.8,-68.3,57.2,10.36
Upernavik,100,GL,1610148937,74,72.7868,-56.1549,7.3,4.99
Sangmélima,0,CM,1610148938,91,2.9333,11.9833,68.85,3.87
Bluff,83,NZ,1610148939,78,-46.6,168.3333,59.0,15.01
Katsuura,20,JP,1610148940,30,35.1333,140.3,41.0,9.22
Moose Factory,90,CA,1610148941,100,51.2585,-80.6094,19.4,8.05
Mīrābād,0,AF,1610148942,70,30.4362,61.8383,29.62,4.43
Saint-Philippe,0,RE,1610148944,68,-21.3585,55.7679,78.8,6.91
Bria,45,CF,1610148945,28,6.5423,21.9863,68.74,1.43
Kyra,34,RU,1610148946,83,49.5776,111.9753,-4.5,6.31
Puerto Ayora,0,EC,1610148858,65,-0.7393,-90.3518,80.6,18.41
Airai,99,TL,1610148948,92,-8.9266,125.4092,69.06,0.85
Albany,0,US,1610148950,71,42.6001,-73.9662,26.01,4.94
Vryburg,45,ZA,1610148951,61,-26.9566,24.7284,72.81,3.69
Punta Arenas,75,CL,1610148732,58,-53.15,-70.9167,55.4,20.71
Iroquois Falls,20,CA,1610148936,85,48.7669,-80.6831,10.4,3.91
Dikson,67,RU,1610148954,90,73.5069,80.5464,-11.85,12.06
Novaya Ladoga,100,RU,1610148955,95,60.1025,32.3019,11.8,6.4
Korla,95,CN,1610148956,89,41.7597,86.1469,15.57,1.52
Ostrovnoy,100,RU,1610148958,94,68.0531,39.5131,10.06,3.67
Alofi,75,NU,1610148959,74,-19.0595,-169.9187,84.2,14.97
Padang,100,ID,1610148666,83,-0.9492,100.3543,76.86,0.4
Praia,40,CV,1610148961,73,14.9215,-23.5087,73.4,20.71
Natal,40,BR,1610148830,74,-5.795,-35.2094,80.6,11.5
Qaanaaq,100,GL,1610148963,89,77.484,-69.3632,0.81,9.24
Peniche,30,PT,1610148964,62,39.3558,-9.3811,42.01,5.01
Aykhal,100,RU,1610148965,87,66.0,111.5,-13.63,6.93
Port Hardy,40,CA,1610148967,76,50.6996,-127.4199,46.4,8.05
Geraldton,78,AU,1610148843,73,-28.7667,114.6,77.0,4.61
Clyde River,75,CA,1610148969,84,70.4692,-68.5914,-2.2,11.5
Busselton,80,AU,1610148804,32,-33.65,115.3333,84.0,1.01
Bereda,6,ES,1610148971,98,43.2686,-7.5406,33.01,5.01
Saquena,69,PE,1610148972,96,-4.6667,-73.5167,74.8,1.88
Hasaki,20,JP,1610148974,74,35.7333,140.8333,26.6,3.44
Mataura,75,NZ,1610148975,78,-46.1927,168.8643,59.0,15.01
Yellowknife,20,CA,1610148976,84,62.456,-114.3525,1.99,4.61
Fairbanks,40,US,1610148968,78,64.8378,-147.7164,-0.4,0.78
Pochutla,20,MX,1610148978,57,15.7432,-96.4661,82.4,9.22
Thompson,20,CA,1610148690,92,55.7435,-97.8558,15.8,2.3
Lebu,17,CL,1610148981,79,-37.6167,-73.65,55.26,16.55
Saint George,1,US,1610148871,25,37.1041,-113.5841,54.0,1.63
Jamestown,75,US,1610148905,86,42.097,-79.2353,25.0,6.91
Souillac,75,MU,1610148984,83,-20.5167,57.5167,78.8,12.66
Petrovsk-Zabaykal'skiy,83,RU,1610148985,89,51.273,108.843,-2.63,7.11
Bundaberg,90,AU,1610148986,88,-24.85,152.35,71.6,17.27
Cabo San Lucas,1,MX,1610148820,68,22.8909,-109.9124,73.0,3.44
Honningsvåg,70,NO,1610148988,95,70.9821,25.9704,25.41,23.15
Port Blair,8,IN,1610148990,82,11.6667,92.75,80.31,10.25
Sulangan,37,PH,1610148991,80,11.1373,123.7228,80.56,6.31
Avarua,20,CK,1610148992,65,-21.2078,-159.775,84.2,6.91
Rock Springs,1,US,1610148993,59,41.5875,-109.2029,28.4,2.75
Casa Grande,1,US,1610148994,15,32.8795,-111.7573,68.0,2.93
Tasiilaq,0,GL,1610148995,57,65.6145,-37.6368,14.0,12.66
Mehamn,64,NO,1610148996,91,71.0357,27.8492,19.72,7.96
Shache,0,CN,1610148997,93,38.4167,77.2406,11.3,2.68
Saint Paul Harbor,90,US,1610148998,75,57.79,-152.4072,35.6,10.36
Twin Falls,90,US,1610148786,75,42.3505,-114.6445,35.6,12.66
Marsh Harbour,97,BS,1610148921,73,26.5412,-77.0636,71.91,14.41
Vestmannaeyjar,100,IS,1610149002,89,63.4427,-20.2734,30.29,33.13
Marquette,97,US,1610149003,82,46.5333,-87.6335,28.99,5.28
Mahébourg,75,MU,1610149004,83,-20.4081,57.7,78.8,12.66
Pātūr,99,IN,1610149005,47,20.45,76.9333,72.88,2.39
Hilo,1,US,1610148947,57,19.7297,-155.09,82.4,6.91
Quesnel,75,CA,1610149007,60,52.9999,-122.5029,39.2,8.05
Salinópolis,98,BR,1610149008,78,-0.6136,-47.3561,80.82,11.56
Havelock,90,US,1610149010,93,34.8791,-76.9013,44.6,13.8
Hays,31,US,1610149011,72,30.0502,-98.0336,48.99,6.2
Saint Anthony,90,US,1610149012,86,45.0205,-93.218,23.0,3.44
Arlit,0,NE,1610149013,20,18.7369,7.3853,72.81,5.57
Merauke,100,ID,1610149014,82,-8.4667,140.3333,81.75,8.21
Saldanha,0,ZA,1610149015,82,-33.0117,17.9442,60.8,6.91
Foumban,68,CM,1610149016,45,5.7291,10.9001,62.92,3.76
Cristian,100,RO,1610149018,91,45.6167,25.4667,32.0,1.01
Hay River,2,CA,1610148921,73,60.8156,-115.7999,21.2,4.61
Slyudyanka,59,RU,1610149020,84,51.6594,103.7061,4.32,6.67
Olafsvik,68,IS,1610149021,87,64.8945,-23.7142,18.95,23.91
Tual,99,ID,1610149022,75,-5.6667,132.75,83.52,7.72
Yangi Marg`ilon,90,UZ,1610149023,73,40.4272,71.7189,19.4,9.22
Leningradskiy,0,RU,1610149024,79,69.3833,178.4167,-19.5,3.38
Yeppoon,90,AU,1610149025,78,-23.1333,150.7333,73.4,17.27
Aklavik,75,CA,1610149027,84,68.2191,-135.0107,-9.4,4.61
Graciano Sánchez,75,MX,1610149028,27,23.9167,-99.2833,75.2,5.75
Cidreira,0,BR,1610148963,68,-30.1811,-50.2056,74.8,8.99
Kerman,0,IR,1610149030,57,30.2832,57.0788,15.8,4.61
New Norfolk,98,AU,1610149031,43,-42.7826,147.0587,73.99,3.0
São Filipe,3,CV,1610149032,79,14.8961,-24.4956,73.33,13.85
Bow Island,35,CA,1610149033,93,49.8668,-111.3684,36.0,8.05
Kushmurun,96,KZ,1610149034,87,52.4503,64.6311,-2.92,16.87
Nishifukuma,75,JP,1610149035,51,33.7667,130.4667,32.0,10.36
Yonezawa,80,JP,1610149037,85,37.9167,140.1167,21.0,1.61
Hong Kong,91,HK,1610148826,36,22.2855,114.1577,48.0,9.62
Coyhaique,75,CL,1610149039,47,-45.5752,-72.0662,57.2,11.5
Klaksvík,90,FO,1610149040,100,62.2266,-6.589,44.6,23.02
Mishan,82,CN,1610149041,85,45.55,131.8833,-17.05,3.94
San Cristobal,40,VE,1610149042,74,7.7669,-72.225,80.6,4.61
Manta,75,EC,1610149043,78,-0.95,-80.7333,80.6,6.91
Ilulissat,9,GL,1610149044,43,69.2167,-51.1,5.0,19.57
Mirny,100,RU,1610149046,92,62.5353,113.9611,-0.54,6.82
Castro,88,BR,1610148982,94,-24.7911,-50.0119,66.18,4.23
Deer Lake,90,CA,1610149048,93,49.1667,-57.4316,35.6,4.61
Hofn,9,IS,1610149049,81,64.2539,-15.2082,31.8,18.07
Severo-Kuril'sk,64,RU,1610149050,84,50.6789,156.125,25.3,13.62
Kiryat Gat,1,IL,1610149051,41,31.61,34.7642,64.0,1.99
Cherskiy,86,RU,1610149052,88,68.75,161.3,-19.89,2.89
Raja,95,SS,1610149053,29,8.4596,25.678,66.63,5.14
Tuatapere,95,NZ,1610149055,78,-46.1333,167.6833,59.0,15.01
Harlingen,1,US,1610148897,55,26.1906,-97.6961,62.6,14.97
Evensk,92,RU,1610149057,83,61.95,159.2333,1.92,10.0
Abay,0,KZ,1610149058,68,49.6311,72.8539,-31.0,6.71
Altay,100,CN,1610149059,79,47.8667,88.1167,1.87,0.31
Farīdpur,17,BD,1610149060,77,23.6,89.8333,68.0,3.44
Koregaon,89,IN,1610149061,73,18.65,74.0833,72.72,5.32
Nanortalik,100,GL,1610149062,88,60.1432,-45.2371,34.86,10.98
Vélez,98,CO,1610149063,100,6.0134,-73.6735,56.19,0.89
Isangel,90,VU,1610149065,89,-19.55,169.2667,82.4,4.63
Barra Patuca,2,HN,1610149066,75,15.8,-84.2833,75.78,8.66
Jalu,99,LY,1610149067,46,29.0331,21.5482,59.63,5.59
Ribeira Grande,46,PT,1610149068,62,38.5167,-28.7,57.04,6.62
Garissa,17,KE,1610149069,76,-0.4536,39.6401,75.43,7.11
Kushiro,20,JP,1610149070,72,42.975,144.3747,8.6,3.44
Tilichiki,45,RU,1610149071,91,60.4667,166.1,-0.29,10.2
Vardø,20,NO,1610149073,79,70.3705,31.1107,21.2,14.97
Coronado,20,US,1610149074,63,32.6859,-117.1831,66.0,11.5
Kaitangata,77,NZ,1610149075,60,-46.2817,169.8464,62.01,15.01
Vila Franca do Campo,40,PT,1610149076,66,37.7167,-25.4333,53.6,8.05
Svarstad,52,NO,1610149077,45,59.399,9.9698,19.99,1.99
Kutum,0,SD,1610149078,34,14.2,24.6667,58.05,9.91
Waipawa,90,NZ,1610149079,67,-41.4122,175.5153,64.0,11.5
Olenegorsk,72,RU,1610149081,94,68.15,33.3,3.06,2.44
Barrow,90,US,1610149082,78,71.2906,-156.7887,-2.2,4.61
Aracati,72,BR,1610149083,73,-4.5617,-37.7697,80.82,15.61
Vrangel',14,RU,1610149084,82,42.7297,133.0839,-2.69,13.71
Flinders,67,AU,1610149085,65,-34.5833,150.8552,73.0,4.0
Marzuq,0,YE,1610149086,47,14.4,46.4667,50.43,3.31
Fortuna,1,US,1610149087,76,40.5982,-124.1573,55.99,8.05
Mayor Pablo Lagerenza,66,PY,1610149089,53,-19.9309,-60.7718,82.13,3.83
Nueve de Julio,84,AR,1610149090,50,-35.4444,-60.8831,73.0,4.0
Tshikapa,95,CD,1610149091,93,-6.4167,20.8,67.1,1.25
Cape Coast,99,GH,1610149092,86,5.1053,-1.2466,79.21,11.01
Stege,100,DK,1610149093,10,54.987,12.2846,35.01,8.59
Macapá,90,BR,1610149094,100,0.0389,-51.0664,77.0,3.44
Dezful,0,IR,1610149095,43,32.3811,48.4058,52.09,1.43
Khovd,100,MN,1610149096,83,48.0056,91.6419,-10.39,1.19
Parrita,75,CR,1610149097,60,9.5201,-84.3225,73.4,11.5
Talara,40,PE,1610149099,87,-4.5772,-81.2719,69.89,10.49
Inhambane,100,MZ,1610149100,85,-23.865,35.3833,76.77,7.67
Kidal,0,ML,1610149101,17,18.4411,1.4078,75.88,10.29
Matamoros,1,MX,1610148830,11,25.5333,-103.25,75.2,5.77
Mossamedes,100,AO,1610148968,73,-15.1961,12.1522,71.64,6.49
Petropavlovsk-Kamchatskiy,0,RU,1610149104,71,53.0452,158.6483,-5.8,11.18
Gwanda,100,ZW,1610149105,90,-20.9333,29.0,68.95,5.73
Den Helder,27,NL,1610148831,87,52.9599,4.7593,37.99,4.61
Ponta do Sol,61,PT,1610149108,74,32.6667,-17.1,48.99,5.99
Beringovskiy,19,RU,1610149109,86,63.05,179.3167,-18.45,6.87
Mandalgovi,0,MN,1610149110,85,45.7625,106.2708,-2.88,16.22
Khatanga,41,RU,1610149111,88,71.9667,102.5,-18.06,8.46
Meulaboh,100,ID,1610149112,92,4.1363,96.1285,74.79,6.04
Maţāy,0,EG,1610149113,47,28.419,30.7792,57.02,7.85
Sabha,44,LY,1610149114,31,27.0377,14.4283,62.83,5.97
Noyabrsk,88,RU,1610149115,90,63.1994,75.4507,-11.97,0.89
Sol'tsy,85,RU,1610149116,96,58.1239,30.3238,13.06,5.57
Faanui,5,PF,1610149117,69,-16.4833,-151.75,81.25,6.98
Cananéia,100,BR,1610149119,86,-25.0147,-47.9267,77.22,3.58
Chiredzi,89,ZW,1610149120,87,-21.05,31.6667,72.37,2.44
Geghamavan,75,AM,1610149121,86,40.5634,44.8879,19.4,1.14
Dobson,90,US,1610149122,100,36.3957,-80.7226,35.01,2.98
Provideniya,49,RU,1610149123,82,64.3833,-173.3,-6.38,5.41
Bambanglipuro,100,ID,1610149124,82,-7.95,110.2833,79.92,2.35
Vicksburg,90,US,1610149125,56,32.3526,-90.8779,42.8,5.75
Olonets,78,RU,1610149126,94,60.9847,32.9698,4.87,4.21
Port Hedland,97,AU,1610149127,62,-20.3167,118.5667,87.8,10.36
Mabaruma,100,GY,1610149128,98,8.2,-59.7833,73.54,3.47
Kachug,53,RU,1610149130,86,53.9606,105.8817,-13.83,2.68
Chui,1,UY,1610149131,79,-33.6971,-53.4616,66.78,10.11
Solec Kujawski,90,PL,1610149132,93,53.0837,18.2257,34.0,3.44
Pacific Grove,1,US,1610149133,63,36.6177,-121.9166,62.01,4.61
Praia da Vitória,40,PT,1610149134,76,38.7333,-27.0667,53.6,10.56
Miles City,90,US,1610149135,80,46.4083,-105.8406,26.6,3.44
Smithers,40,CA,1610149136,69,54.7804,-127.1743,32.0,8.05
Pevek,92,RU,1610149137,89,69.7008,170.3133,-17.48,4.81
Nautla,58,MX,1610149139,66,20.2167,-96.7833,67.98,3.85
Monte Alegre,85,BR,1610149140,86,-2.0078,-54.0692,77.52,1.59
Maxixe,100,MZ,1610149141,87,-23.8597,35.3472,75.81,6.76
Oktyabr'skoye,81,RU,1610149142,93,43.0645,44.7417,30.2,6.71
Husavik,90,IS,1610149145,53,66.0449,-17.3389,21.2,13.8
Buraidah,40,SA,1610149146,93,26.326,43.975,51.8,6.55
Butaritari,55,KI,1610149147,82,3.0707,172.7902,80.94,19.86
Saskylakh,100,RU,1610149148,89,71.9167,114.0833,-11.34,9.15
Nome,90,US,1610149149,65,64.5011,-165.4064,-0.4,10.36
Wuwei,100,CN,1610149150,67,37.9281,102.6414,8.42,1.45
Rio Grande,0,BR,1610149151,74,-32.035,-52.0986,73.89,16.11
North Battleford,1,CA,1610148873,86,52.7834,-108.2847,17.6,9.22
Haicheng,0,CN,1610149154,79,40.8516,122.7475,-0.38,2.91
Bulgan,0,MN,1610149155,81,48.8125,103.5347,-6.9,3.74
Gamboula,64,CF,1610149156,32,4.1178,15.1393,66.79,1.3
Rapid City,90,US,1610149157,86,44.0805,-103.231,30.99,2.19
Kedrovyy,100,RU,1610149158,76,56.1667,91.8167,-20.2,2.24
Belyy Yar,94,RU,1610149159,83,53.6039,91.3903,-20.2,1.79
Tuktoyaktuk,75,CA,1610149160,84,69.4541,-133.0374,-2.2,8.05
Terrace,75,CA,1610148911,87,54.5163,-128.6035,37.4,25.32
Zyryanka,90,RU,1610149162,85,65.75,150.85,-27.74,2.66
Huallanca,95,PE,1610149163,74,-9.8993,-76.9417,48.09,3.4
Kupang,75,ID,1610149099,89,-10.1667,123.5833,78.8,5.75
Marawi,81,PH,1610149166,91,7.9986,124.2928,75.99,3.0
Quatre Cocos,75,MU,1610149167,83,-20.2078,57.7625,78.8,12.66
Sandakan,40,MY,1610149168,100,5.8402,118.1179,77.0,4.61
Vostok,77,RU,1610149169,84,46.4856,135.8833,-20.04,2.51
Tautira,20,PF,1610149170,70,-17.7333,-149.15,86.0,11.5
Iqaluit,90,CA,1610149171,72,63.7506,-68.5145,3.2,12.66
Biak,98,ID,1610149172,71,-0.9131,122.8766,80.8,1.5
Bayir,20,TR,1610149173,82,37.2687,28.2167,60.8,8.05
East London,12,ZA,1610149175,85,-33.0153,27.9116,72.93,4.07
Saint-Pierre,0,RE,1610149176,68,-21.3393,55.4781,73.4,6.91
Alice Springs,40,AU,1610149177,29,-23.7,133.8833,80.6,9.22
Marabu,40,MY,1610149178,94,4.4148,114.0089,78.8,4.61
Palmerston,75,AU,1610149179,78,-12.486,130.9833,82.99,4.61
Caravelas,0,BR,1610149181,81,-17.7125,-39.2481,77.77,10.07
Melfi,100,IT,1610149182,81,40.9965,15.6514,46.99,7.0
Vanimo,98,PG,1610149183,75,-2.6741,141.3028,83.52,3.29
Taltal,21,CL,1610149184,74,-25.4,-70.4833,66.15,4.34
Lüderitz,6,NA,1610149185,65,-26.6481,15.1594,67.53,17.87
Bengkulu,95,ID,1610149186,84,-3.8004,102.2655,76.21,4.76
Kaeo,28,NZ,1610149188,70,-35.1,173.7833,75.0,4.0
Phan Thiet,33,VN,1610149189,78,10.9333,108.1,70.21,9.55
Petatlán,75,MX,1610149190,70,17.5167,-101.2667,84.2,3.13
Bubaque,0,GW,1610149191,75,11.2833,-15.8333,79.25,16.98
Sobolevo,100,RU,1610149192,98,54.4299,31.8996,26.83,9.4
Panama,20,PA,1610149013,66,9.0,-80.0,86.0,11.5
Ust-Nera,74,RU,1610149194,73,64.5667,143.2,-33.68,0.13
Kota Belud,20,MY,1610149195,94,6.351,116.4305,75.2,4.61
Noril'sk,98,RU,1610149098,86,69.3535,88.2027,-13.04,6.8
Ponta Delgada,40,PT,1610149198,66,37.7333,-25.6667,53.6,8.05
Buala,84,SB,1610149199,62,-8.145,159.5921,86.34,4.41
Severnyy-Kospashskiy,92,RU,1610149200,95,59.0925,57.8008,5.5,3.22
Norman Wells,75,CA,1610149201,85,65.282,-126.8329,1.4,8.05
Mandera,1,KE,1610149202,30,3.9366,41.867,76.42,7.76
Merrill,1,US,1610149156,80,45.1805,-89.6835,26.6,4.63
Constitución,11,CL,1610149204,72,-35.3333,-72.4167,57.13,13.35
Bloomington,90,US,1610149206,93,44.8408,-93.2983,23.0,4.61
Bariloche,0,AR,1610148975,29,-41.1456,-71.3082,62.6,21.85
Yarovoy,47,RU,1610149208,86,52.9273,78.58,-21.64,8.59
Kavieng,100,PG,1610149209,75,-2.5744,150.7967,83.84,12.71
Esperance,62,AU,1610149210,41,-33.8667,121.9,75.2,20.71
Garoowe,1,SO,1610149212,73,8.4054,48.4845,63.77,9.35
Yar-Sale,91,RU,1610149213,91,66.8333,70.8333,-7.04,5.55
Madera,11,US,1610149215,75,37.1666,-119.8343,57.0,1.99
Cabedelo,0,BR,1610149216,83,-6.9811,-34.8339,78.8,5.75
Skawina,75,PL,1610149218,86,49.9752,19.8287,32.0,4.61
Bilibino,80,RU,1610149219,84,68.0546,166.4372,-22.22,1.79
Longyearbyen,75,SJ,1610149003,74,78.2186,15.6401,23.0,18.41
Arua,85,UG,1610149222,42,3.0201,30.9111,69.15,7.81
Moyale,8,KE,1610149223,36,3.5167,39.0584,67.5,10.47
Mocuba,100,MZ,1610149224,88,-16.8392,36.9856,75.72,2.39
Naze,20,JP,1610149225,66,28.3667,129.4833,48.2,14.97
Grand Gaube,21,MU,1610149226,90,-20.0064,57.6608,75.0,5.99
Assiut,0,EG,1610149228,67,27.181,31.1837,59.0,4.61
Codrington,18,AU,1610149229,58,-38.2667,141.9667,71.22,7.02
Sarangani,92,PH,1610149230,77,5.4033,125.4636,81.48,4.88
Xuanzhou,49,CN,1610149231,72,30.9525,118.7553,27.88,6.22
Ukiah,1,US,1610149232,41,39.1502,-123.2078,59.0,4.61
Bathsheba,20,BB,1610149233,78,13.2167,-59.5167,78.8,14.97
Saint-Paul,75,RE,1610149235,61,-21.0096,55.2707,77.0,13.8
Port Lincoln,0,AU,1610149236,58,-34.7333,135.8667,72.48,7.16
Chapais,75,CA,1610149237,85,49.7834,-74.8492,8.6,5.75
Ballinasloe,5,IE,1610149238,88,53.3275,-8.2194,28.0,1.01
Karatau,0,KZ,1610149239,82,43.1667,70.4667,8.87,4.36
Pāthardi,87,IN,1610149241,70,19.1667,75.1833,72.54,10.31
Bhūm,82,IN,1610149242,72,18.4667,75.6667,72.48,10.04
Dauriya,42,RU,1610149243,89,49.9333,116.8667,-3.84,10.33
Samarai,76,PG,1610149245,72,-10.6167,150.6667,85.66,11.16
Senador José Porfírio,98,BR,1610149246,92,-2.5908,-51.9542,75.83,3.2
Sabla,53,NG,1610149248,18,12.7525,4.7077,77.04,9.93
Henties Bay,100,NA,1610149249,87,-22.116,14.2845,68.0,7.31
Anloga,20,GH,1610149250,89,5.7947,0.8973,80.6,9.22
Mikkeli,99,FI,1610149252,96,61.6886,27.2723,16.16,3.87
Viedma,13,AR,1610148988,38,-40.8135,-62.9967,73.99,4.0
Tarauacá,29,BR,1610149254,85,-8.1614,-70.7656,75.78,3.0
Robertsport,13,LR,1610149255,83,6.7533,-11.3686,80.44,8.97
Dukat,76,RU,1610149256,87,62.55,155.55,-19.89,3.06
Haljala,67,EE,1610149258,95,59.4336,26.2614,19.0,6.62
Maragogi,97,BR,1610149243,80,-9.0122,-35.2225,78.28,10.76
Bandarbeyla,13,SO,1610149260,73,9.4942,50.8122,72.97,18.39
Gaza,0,PS,1610149261,41,31.5,34.4667,64.0,1.01
Kumul,100,CN,1610149263,64,42.8,93.45,13.28,3.96
Popondetta,100,PG,1610149265,55,-8.7537,148.2534,89.8,3.22
Touros,40,BR,1610149267,78,-5.1989,-35.4608,78.8,11.5
Aswān,1,EG,1610149198,43,24.0934,32.907,60.89,5.21
Sitka,90,US,1610149270,81,57.0531,-135.33,42.8,4.0
San Jerónimo,77,PE,1610149272,70,-11.9472,-75.2829,51.89,2.57
Huambo,100,AO,1610149273,82,-12.7761,15.7392,60.19,2.33
Karratha,90,AU,1610149076,48,-20.7377,116.8463,90.52,3.51
Shakawe,94,BW,1610149275,84,-18.3667,21.85,70.23,3.18
Jacqueville,20,CI,1610149276,89,5.2052,-4.4146,80.6,5.75
Makkah al Mukarramah,0,SA,1610149277,64,21.4267,39.8261,73.49,2.13
Presidencia Roque Sáenz Peña,61,AR,1610149278,50,-26.7852,-60.4388,83.08,4.85
Les Cayes,100,HT,1610149280,82,18.2,-73.75,75.2,4.41
Yining,0,CN,1610149281,73,29.0361,114.5636,28.87,0.65
Lima,0,PE,1610149141,73,-12.0432,-77.0282,73.4,16.11
Tataouine,0,TN,1610149283,25,32.9297,10.4518,75.2,13.8
Saint-Leu,0,RE,1610149284,68,-21.15,55.2833,77.0,4.61
Coquimbo,75,CL,1610149285,82,-29.9533,-71.3436,60.8,6.91
Mana,90,GF,1610149286,89,5.6592,-53.7767,76.93,14.03
Mount Gambier,0,AU,1610149287,56,-37.8333,140.7667,71.6,3.44
Trairi,71,BR,1610149288,77,-3.2778,-39.2689,79.83,11.25
Vao,100,NC,1610149290,84,-22.6667,167.4833,78.57,20.94
Neryungri,100,RU,1610149291,87,56.6709,124.6491,-8.91,9.19
Strezhevoy,90,RU,1610149292,84,60.7333,77.5889,-5.8,4.47
Shagonar,98,RU,1610149293,81,51.5333,92.8,-22.77,2.06
Kahului,40,US,1610149199,54,20.8947,-156.47,82.4,13.8
Shingū,20,JP,1610149295,51,33.7333,135.9833,32.0,19.57
Itoman,75,JP,1610149296,58,26.1247,127.6694,51.8,23.02
Baiquan,1,CN,1610149164,85,47.5833,126.0833,-14.98,4.09
Kholtoson,1,RU,1610149298,82,50.2981,103.3097,-11.97,3.94
Luau,99,AO,1610149300,98,-10.7073,22.2247,60.67,3.18
Llandrindod Wells,87,GB,1610149301,90,52.2416,-3.3787,35.01,1.01
Russell,90,US,1610149302,75,32.3502,-85.1999,42.8,14.97
Lorengau,38,PG,1610149303,69,-2.0226,147.2712,85.96,7.61
Port Elizabeth,20,ZA,1610149304,88,-33.918,25.5701,69.8,6.91
Virtsu,94,EE,1610149305,72,58.5716,23.5115,24.01,14.0
São João da Barra,46,BR,1610149306,91,-21.6403,-41.0511,76.62,8.1
Ciudad Bolivar,64,VE,1610149307,77,8.1222,-63.5497,78.03,12.15
Dębica,75,PL,1610149309,93,50.0515,21.4114,33.01,2.3
Dunedin,34,NZ,1610149224,55,-45.8742,170.5036,64.31,13.29
Wanning,100,CN,1610149048,81,18.8003,110.3967,54.77,14.7
Nsoko,41,SZ,1610149312,88,-27.0333,31.95,71.22,2.01
Mahabalipuram,75,IN,1610149313,94,12.6264,80.1722,77.0,2.3
Marystown,100,CA,1610149314,90,47.1666,-55.1483,37.49,16.98
Laas,0,IT,1610149316,62,46.6166,10.7002,24.01,4.61
Mariental,95,NA,1610149317,42,-24.6333,17.9667,83.97,5.99
Yumen,100,CN,1610149318,66,40.2833,97.2,7.75,13.24
Mukhen,100,RU,1610149319,83,48.1,136.1,-14.42,6.89
Tiarei,20,PF,1610149320,70,-17.5333,-149.3333,86.0,11.5
Tiksi,100,RU,1610149321,89,71.6872,128.8694,-13.27,12.3
Andilamena,87,MG,1610149167,89,-17.0167,48.5833,66.65,2.35
Farnes,0,NO,1610149323,76,61.3167,7.8,12.11,1.86
Cockburn Town,20,TC,1610149198,78,21.4612,-71.1419,75.2,4.61
Salinas,1,US,1610149036,55,36.6777,-121.6555,62.6,10.36
Ouargaye,71,BF,1610149327,16,11.5033,0.0572,77.61,7.92
Great Bend,90,US,1610149328,75,38.3645,-98.7648,37.4,5.75
Krasnaya Gorka,100,RU,1610149329,95,55.1962,56.6673,15.42,5.59
Torreón,1,MX,1610149197,11,25.55,-103.4333,75.2,5.06
Salalah,0,OM,1610149331,49,17.0151,54.0924,69.8,8.05
Fort Nelson,75,CA,1610149171,85,58.8053,-122.7002,5.0,4.61
Opuwo,86,NA,1610149333,70,-18.0607,13.84,67.87,3.24
Pálairos,40,GR,1610149334,94,38.7833,20.8833,60.8,4.61
Billings Metropolitan Area,75,US,1610149254,70,45.7833,-108.5007,37.4,0.92
Māngrol,0,IN,1610149337,50,21.1167,70.1167,63.03,19.08
La Ronge,0,CA,1610149338,74,55.1001,-105.2842,24.8,2.3
Porbandar,0,IN,1610149339,58,21.6422,69.6093,61.61,17.34
Ollioules,100,FR,1610149340,78,43.1352,5.848,45.0,1.99
Ola,100,RU,1610149341,81,59.5833,151.2833,-2.25,5.64
Polokwane,67,ZA,1610149342,88,-23.9045,29.4688,68.0,2.3
Nichinan,20,JP,1610149343,59,31.6,131.3667,30.2,5.75
Honiara,67,SB,1610149345,61,-9.4333,159.95,86.4,3.67
Broken Hill,0,AU,1610149346,26,-31.95,141.4333,80.6,9.22
Guangyuan,48,CN,1610149347,56,32.442,105.823,30.0,1.01
Amapá,92,BR,1610149348,96,1.0,-52.0,73.06,3.38
Juegang,0,CN,1610149349,46,32.3174,121.1855,26.01,11.18
Pimenteiras,54,BR,1610149350,56,-6.2453,-41.4192,79.21,3.85
Kudahuvadhoo,39,MV,1610149351,77,2.6708,72.8944,81.9,6.93
Esim,86,GH,1610149352,86,4.8699,-2.2405,78.82,7.54
Sivaki,4,RU,1610149354,86,52.6333,126.75,-20.43,4.54
Bridlington,16,GB,1610149355,90,54.0831,-0.1919,33.01,1.99
Kirakira,93,SB,1610149356,68,-10.4544,161.9205,84.92,6.17
Salina,90,US,1610149341,69,38.8403,-97.6114,37.0,2.46
Noumea,0,NC,1610149358,70,-22.2763,166.4572,86.0,4.61
Atar,0,MR,1610149359,49,20.5169,-13.0499,67.32,5.46
Ahipara,24,NZ,1610149360,68,-35.1667,173.1667,72.43,8.16
Srednekolymsk,98,RU,1610149361,84,67.45,153.6833,-24.0,1.95
Lienz,0,AT,1610149362,79,46.8289,12.769,23.0,4.52
Daru,100,PG,1610149364,74,-9.0763,143.2092,84.78,3.8
Nicoya,0,CR,1610149365,54,10.1483,-85.452,86.0,12.66
Çanakkale Province,75,TR,1610149170,63,40.0833,26.8333,64.4,21.85
Ulladulla,40,AU,1610149343,56,-35.35,150.4667,71.01,2.3
Soke,0,ML,1610149368,16,13.598,-5.9386,79.18,8.37
Larsnes,37,NO,1610149370,70,62.2028,5.5773,37.0,5.01
Yulara,0,AU,1610149371,17,-25.2406,130.9889,86.0,14.97
Tuy Hoa,84,VN,1610149372,84,13.0833,109.3,70.77,17.56
Morondava,29,MG,1610149373,77,-20.2833,44.2833,79.74,3.38
George Town,20,MY,1610149374,83,5.4112,100.3354,78.8,8.32
Broome,40,US,1610149375,93,42.2506,-75.833,21.99,9.22
Rodrigues Alves,40,BR,1610149376,89,-7.738,-72.6509,82.4,2.01
Shimoda,20,JP,1610149378,48,34.6667,138.95,37.4,11.5
Colquechaca,97,BO,1610149379,100,-18.6667,-66.0167,34.5,3.74
Puerto Quijarro,55,BO,1610149380,51,-17.7833,-57.7667,86.18,1.59
Nikolskoye,0,RU,1610149381,92,59.7035,30.7861,14.0,2.24
Messina,90,IT,1610149197,88,38.1933,15.5497,60.01,8.05
Campos Altos,100,BR,1610149383,92,-19.6961,-46.1714,68.18,3.67
Liepāja,90,LV,1610149384,100,56.5419,21.0367,30.2,6.91
Baruun-Urt,0,MN,1610149385,87,46.6806,113.2792,-4.38,10.16
Jacareacanga,91,BR,1610149387,86,-6.2222,-57.7528,76.15,1.61
Onverwacht,40,SR,1610149388,88,5.5833,-55.1833,77.0,6.91
Torbay,90,CA,1610149389,93,47.6666,-52.7314,37.0,18.41
Anadyr,21,RU,1610149390,75,64.75,177.4833,-27.0,11.18
Tessalit,0,ML,1610149391,18,20.1986,1.0114,74.59,11.77
Half Moon Bay,1,US,1610149392,82,37.4636,-122.4286,57.99,12.66
Asău,99,RO,1610149394,74,46.4333,26.4,32.0,1.61
Muzhi,71,RU,1610149395,91,65.3667,64.6667,-7.71,0.72
Puerto Colombia,75,CO,1610149396,83,10.9878,-74.9547,80.6,11.5
Ucluelet,40,CA,1610149397,81,48.9329,-125.5528,46.4,5.75
Vila do Maio,40,CV,1610149398,73,15.1333,-23.2167,73.4,20.71
Yerbogachën,99,RU,1610149399,88,61.2767,108.0108,-6.38,10.85
Shitkino,48,RU,1610149400,83,56.3703,98.3543,-15.23,1.59
Khāsh,0,IR,1610149402,60,28.2211,61.2158,27.72,5.99
Lewistown,1,US,1610149403,64,40.5992,-77.5714,33.8,8.05
Talnakh,100,RU,1610149404,87,69.4865,88.3972,-12.6,9.15
Lensk,100,RU,1610149405,90,60.7253,114.9278,1.49,14.58
Sept-Îles,98,CA,1610149322,68,50.2001,-66.3821,27.0,11.5
Khasan,50,RU,1610149407,81,42.4308,130.6434,2.93,18.34
Bethel,1,US,1610149408,54,41.3712,-73.414,28.99,4.61
Kondinskoye,100,RU,1610149409,94,59.6481,67.41,1.11,3.11
Luleå,90,SE,1610149410,100,65.5842,22.1547,17.6,1.14
Teya,100,RU,1610149411,87,60.3778,92.6267,-1.68,3.42
Beyneu,99,KZ,1610149412,77,45.3167,55.2,27.5,16.2
Itupiranga,20,BR,1610149217,94,-5.1347,-49.3267,82.4,3.44
Yarke Pole,100,UA,1610149415,96,45.608,34.3172,45.64,6.08
Santa Inês,90,BR,1610149416,95,-3.6667,-45.38,75.27,4.05
San Martín,20,AR,1610149417,34,-33.081,-68.4681,82.4,6.91
Laguna,20,US,1610149418,71,38.421,-121.4238,57.99,6.91
Cavalcante,47,BR,1610149419,78,-13.7975,-47.4583,71.67,1.32
Negombo,40,LK,1610149420,94,7.2083,79.8358,77.0,1.14
Chara,25,RU,1610149421,73,56.9064,118.2631,-15.36,3.06
Ust-Kuyga,100,RU,1610149422,87,70.0167,135.6,-15.77,2.68
Aleksandrov Gay,100,RU,1610149424,99,50.147,48.5704,33.73,8.25
Polis,0,CY,1610149425,66,35.0367,32.4264,51.8,3.44
Sibolga,100,ID,1610149426,86,1.7427,98.7792,75.61,0.81
Aserrí,75,CR,1610149427,60,9.8588,-84.0923,73.4,11.5
Mīnāb,0,IR,1610149428,16,27.1467,57.0801,51.8,11.5
Gao,0,ML,1610149429,18,16.6362,1.637,75.24,9.98
Oruzgan,0,AF,1610149430,60,32.8333,66.0,25.95,8.19
Mangai,95,CD,1610149431,98,-4.05,19.5333,65.7,1.03
Bambous Virieux,75,MU,1610149432,83,-20.3428,57.7575,78.8,12.66
Phalaborwa,28,ZA,1610149434,88,-23.943,31.1411,75.2,2.3
Kieta,83,PG,1610149435,60,-6.2167,155.6333,85.57,3.96
Luanda,20,AO,1610149436,83,-8.8368,13.2343,77.0,6.91
Itarema,89,BR,1610149437,78,-2.9248,-39.9167,80.1,15.55
Northam,98,GB,1610149438,86,51.0333,-4.2167,37.0,8.99
Camargo,0,MX,1610149439,24,27.6667,-105.1667,64.99,3.62
Qasigiannguit,36,GL,1610149440,43,68.8193,-51.1922,5.0,19.57
Porto-Novo,40,BJ,1610149441,94,6.4965,2.6036,80.6,9.22
Tchaourou,72,BJ,1610149442,47,8.8865,2.5975,77.97,6.6
Huicheng,0,CN,1610149444,31,23.0385,116.2899,42.8,11.18
Casper,1,US,1610149445,69,42.8666,-106.3131,30.2,12.66
Tucuruí,99,BR,1610149446,92,-3.7661,-49.6725,75.22,5.75
Xichang,90,CN,1610149447,50,27.8964,102.2634,42.01,2.01
Narsaq,90,GL,1610149448,33,60.9167,-46.05,44.6,21.85
Flin Flon,20,CA,1610149449,86,54.7682,-101.865,17.6,4.81
Varhaug,0,NO,1610149450,79,58.6147,5.6457,23.0,2.3
Kannur,91,IN,1610149451,84,11.8675,75.3576,76.41,5.01
Maurānwān,0,IN,1610149452,94,26.4333,80.8833,55.4,3.98
Weihai,100,CN,1610149454,90,37.5017,122.1136,25.05,22.84
Minsk,75,BY,1610149332,93,53.9,27.5667,26.6,4.47
Verkhoyansk,97,RU,1610149456,85,67.5447,133.385,-22.5,1.12
Mtambile,31,TZ,1610149457,84,-5.3833,39.7,78.8,12.44
Felanitx,90,ES,1610149458,87,39.4696,3.1483,48.2,13.8
Ancud,90,CL,1610149459,67,-41.8697,-73.8203,60.01,4.61
Brae,90,GB,1610149460,70,60.3964,-1.353,41.0,20.71
Camacha,40,PT,1610149461,66,33.0833,-16.3333,53.6,21.85
Dwārka,0,IN,1610149462,46,22.2394,68.9678,64.87,22.03
Rāvar,0,IR,1610149464,57,31.2656,56.8055,34.23,2.86
Manyana,87,BW,1610149465,64,-23.4,21.7167,72.91,5.21
Medicine Hat,20,CA,1610149466,60,50.0501,-110.6683,41.0,9.22
Hurghada,0,EG,1610149467,37,27.2574,33.8129,66.2,11.5
Lar,0,IN,1610149468,57,26.2039,83.9717,58.14,4.72
Mananara,48,MG,1610149469,82,-16.1667,49.7667,74.39,3.96
Adrar,0,MR,1610149470,39,20.5022,-10.0711,70.56,8.23
Podporozh'ye,72,RU,1610149471,94,60.9112,34.1706,2.21,3.38
Berlevåg,24,NO,1610149472,92,70.8578,29.0864,19.78,18.99
São Félix do Xingu,61,BR,1610149474,64,-6.6447,-51.995,78.91,2.62
Abonnema,20,NG,1610149475,89,4.7084,6.7931,78.8,5.64
Sola,93,VU,1610149476,74,-13.8833,167.55,83.25,8.75
Chingirlau,100,KZ,1610149477,98,51.095,54.0814,23.97,17.05
Nishihara,75,JP,1610149478,58,26.1842,127.7558,51.8,21.85
Port Said,0,EG,1610149479,88,31.2565,32.2841,64.4,8.05
Lagoa,39,PT,1610149480,61,39.05,-27.9833,55.96,10.27
Huarmey,77,PE,1610149481,82,-10.0681,-78.1522,70.92,9.42
Chimbarongo,22,CL,1610149482,28,-34.7,-71.05,80.6,9.22
Camapuã,47,BR,1610149483,77,-19.5314,-54.0439,75.85,6.06
Susaki,20,JP,1610149485,74,33.3667,133.2833,23.0,3.44
Severnoye,100,RU,1610149486,89,56.3491,78.3619,-11.29,9.91
College,40,US,1610149487,78,64.8569,-147.8028,12.2,0.34
Pisco,0,PE,1610149468,78,-13.7,-76.2167,71.6,23.02
Bobon,99,PH,1610149489,89,12.5246,124.5636,79.0,8.79
Uniontown,100,US,1610149490,62,39.9001,-79.7164,28.0,2.82
High Level,75,CA,1610149369,92,58.5169,-117.136,6.8,4.9
Los Llanos de Aridane,0,ES,1610149492,67,28.6585,-17.9182,57.2,2.3
Pokhara,85,NP,1610149493,32,28.2333,83.9833,56.64,3.96
Tesistán,72,MX,1610149495,34,20.7833,-103.4833,77.0,8.99
Elk River,100,US,1610149496,91,45.3038,-93.5672,19.0,3.96
Tura,98,IN,1610149497,66,25.5198,90.2201,59.38,2.15
Prainha,100,BR,1610149498,80,-1.8,-53.48,78.35,4.27
Genhe,82,CN,1610149499,84,50.7833,121.5167,-23.73,2.71
Mnogovershinnyy,84,RU,1610149500,87,53.9353,139.9242,-23.04,4.32
Lashio,99,MM,1610149501,95,22.9333,97.75,53.42,0.85
Macas,75,EC,1610149502,83,-2.3167,-78.1167,71.6,3.44
Springdale,75,US,1610149476,64,36.1867,-94.1288,35.6,6.91
Aksay,75,RU,1610149505,100,47.26,39.87,39.99,8.95
Departamento de Maldonado,75,UY,1610149507,83,-34.6667,-54.9167,68.0,12.66
Makakilo City,75,US,1610149508,61,21.3469,-158.0858,78.8,8.05
Sandnessjøen,90,NO,1610149509,69,66.0217,12.6316,28.4,3.44
Priiskovyy,83,RU,1610149510,88,51.9333,116.6333,-5.26,2.73
Cayenne,90,GF,1610149512,100,4.9333,-52.3333,75.2,11.45
Katherine,83,AU,1610149513,65,-14.4667,132.2667,84.2,3.44
Vazante,97,BR,1610149514,84,-17.9869,-46.9078,73.0,4.56
Ratnagiri,3,IN,1610149466,79,16.9833,73.3,76.28,2.71
Robe,0,AU,1610149516,52,-37.1833,139.75,71.6,6.73
Krasnosel'kup,100,RU,1610149517,88,65.7,82.4667,-11.38,6.51
Alexandria,0,EG,1610149519,88,31.2156,29.9553,60.8,2.46
Samfya,100,ZM,1610149520,95,-11.3649,29.5565,64.9,7.99
Xining,100,CN,1610149521,77,36.6167,101.7667,9.36,0.85
Agirish,63,RU,1610149522,90,61.9247,63.0231,-15.11,1.54
Sungai Penuh,100,ID,1610149523,95,-2.0833,101.3833,65.97,1.1
Kiama,75,AU,1610149524,65,-34.6833,150.8667,73.0,4.0
Hervey Bay,98,AU,1610149525,85,-25.2986,152.8535,73.0,8.01
Sioux Lookout,90,CA,1610149526,100,50.1001,-91.917,24.8,8.05
Ossora,100,RU,1610149528,94,59.2353,163.0719,9.88,13.35
Abhā,0,SA,1610149472,53,18.2164,42.5053,50.0,1.54
Anchorage,1,US,1610149306,80,61.2181,-149.9003,32.0,7.63
Bonavista,99,CA,1610149531,100,48.6499,-53.1147,37.99,2.3
Muroto-misakicho,20,JP,1610149532,74,33.2833,134.15,23.0,3.44
Willmar,90,US,1610149306,93,45.1219,-95.0433,21.2,1.61
Coahuayana Viejo,75,MX,1610149534,61,18.7333,-103.6833,78.8,8.05
Sampit,100,ID,1610149535,96,-2.5333,112.95,76.41,1.01
Gorontalo,80,ID,1610149536,77,0.5412,123.0595,82.06,2.28
Necochea,25,AR,1610149538,72,-38.5473,-58.7368,60.01,0.54
Bereket,0,TM,1610149539,87,39.2446,55.5154,32.29,10.63
Myitkyina,1,MM,1610149540,78,25.3833,97.4,57.6,1.99
Grindavik,75,IS,1610149541,68,63.8424,-22.4338,23.0,23.02
Ariquemes,83,BR,1610149542,83,-9.9133,-63.0408,77.79,2.68
Saint-Paul-lès-Dax,100,FR,1610149543,93,43.7272,-1.0516,30.99,2.3
Eganville,1,CA,1610149544,50,45.5334,-77.0994,24.8,8.05
Vanavara,18,RU,1610149545,85,60.34,102.2797,-10.82,6.49
Vilyuysk,100,RU,1610149546,87,63.7553,121.6247,-20.76,5.17
Omboué,36,GA,1610149547,91,-1.5746,9.2618,76.53,2.8
Narón,20,ES,1610149549,100,43.5167,-8.1528,41.0,7.72
Nabire,97,ID,1610149550,70,-3.3667,135.4833,84.42,1.01
Abu Dhabi,0,AE,1610149485,41,24.4667,54.3667,59.0,3.44
Pinega,90,RU,1610149552,91,64.7001,43.3936,-7.74,3.65
Launceston,75,AU,1610149257,68,-41.45,147.1667,70.0,14.97
Vaitape,4,PF,1610149554,69,-16.5167,-151.75,81.25,7.07
Buzoeşti,100,RO,1610149555,97,44.5833,24.9167,36.7,4.0
